,Processor_brand,AMD,Intel,M1
0,Intel,0.0,1.0,0.0
1,Intel,0.0,1.0,0.0
2,Intel,0.0,1.0,0.0
3,Intel,0.0,1.0,0.0
4,Intel,0.0,1.0,0.0
5,Intel,0.0,1.0,0.0
6,Intel,0.0,1.0,0.0
7,Intel,0.0,1.0,0.0
8,Intel,0.0,1.0,0.0
9,AMD,1.0,0.0,0.0
10,AMD,1.0,0.0,0.0
11,AMD,1.0,0.0,0.0
12,Intel,0.0,1.0,0.0
13,Intel,0.0,1.0,0.0
14,Intel,0.0,1.0,0.0
15,Intel,0.0,1.0,0.0
16,Intel,0.0,1.0,0.0
17,Intel,0.0,1.0,0.0
18,Intel,0.0,1.0,0.0
19,Intel,0.0,1.0,0.0
20,Intel,0.0,1.0,0.0
21,Intel,0.0,1.0,0.0
22,Intel,0.0,1.0,0.0
23,Intel,0.0,1.0,0.0
24,Intel,0.0,1.0,0.0
25,Intel,0.0,1.0,0.0
26,Intel,0.0,1.0,0.0
27,Intel,0.0,1.0,0.0
28,Intel,0.0,1.0,0.0
29,Intel,0.0,1.0,0.0
30,Intel,0.0,1.0,0.0
31,Intel,0.0,1.0,0.0
32,Intel,0.0,1.0,0.0
33,Intel,0.0,1.0,0.0
34,Intel,0.0,1.0,0.0
35,Intel,0.0,1.0,0.0
36,Intel,0.0,1.0,0.0
37,Intel,0.0,1.0,0.0
38,Intel,0.0,1.0,0.0
39,Intel,0.0,1.0,0.0
40,Intel,0.0,1.0,0.0
41,Intel,0.0,1.0,0.0
42,Intel,0.0,1.0,0.0
43,Intel,0.0,1.0,0.0
44,Intel,0.0,1.0,0.0
45,Intel,0.0,1.0,0.0
46,Intel,0.0,1.0,0.0
47,Intel,0.0,1.0,0.0
48,Intel,0.0,1.0,0.0
49,Intel,0.0,1.0,0.0
50,Intel,0.0,1.0,0.0
51,Intel,0.0,1.0,0.0
52,Intel,0.0,1.0,0.0
53,Intel,0.0,1.0,0.0
54,Intel,0.0,1.0,0.0
55,Intel,0.0,1.0,0.0
56,Intel,0.0,1.0,0.0
57,Intel,0.0,1.0,0.0
58,Intel,0.0,1.0,0.0
59,Intel,0.0,1.0,0.0
60,Intel,0.0,1.0,0.0
61,Intel,0.0,1.0,0.0
62,Intel,0.0,1.0,0.0
63,Intel,0.0,1.0,0.0
64,Intel,0.0,1.0,0.0
65,Intel,0.0,1.0,0.0
66,Intel,0.0,1.0,0.0
67,Intel,0.0,1.0,0.0
68,Intel,0.0,1.0,0.0
69,Intel,0.0,1.0,0.0
70,Intel,0.0,1.0,0.0
71,Intel,0.0,1.0,0.0
72,Intel,0.0,1.0,0.0
73,Intel,0.0,1.0,0.0
74,Intel,0.0,1.0,0.0
75,Intel,0.0,1.0,0.0
76,Intel,0.0,1.0,0.0
77,Intel,0.0,1.0,0.0
78,Intel,0.0,1.0,0.0
79,Intel,0.0,1.0,0.0
80,Intel,0.0,1.0,0.0
81,Intel,0.0,1.0,0.0
82,Intel,0.0,1.0,0.0
83,Intel,0.0,1.0,0.0
84,Intel,0.0,1.0,0.0
85,Intel,0.0,1.0,0.0
86,Intel,0.0,1.0,0.0
87,Intel,0.0,1.0,0.0
88,Intel,0.0,1.0,0.0
89,Intel,0.0,1.0,0.0
90,Intel,0.0,1.0,0.0
91,Intel,0.0,1.0,0.0
92,Intel,0.0,1.0,0.0
93,Intel,0.0,1.0,0.0
94,Intel,0.0,1.0,0.0
95,Intel,0.0,1.0,0.0
96,Intel,0.0,1.0,0.0
97,Intel,0.0,1.0,0.0
98,Intel,0.0,1.0,0.0
99,Intel,0.0,1.0,0.0
100,Intel,0.0,1.0,0.0
101,Intel,0.0,1.0,0.0
102,Intel,0.0,1.0,0.0
103,Intel,0.0,1.0,0.0
104,Intel,0.0,1.0,0.0
105,Intel,0.0,1.0,0.0
106,Intel,0.0,1.0,0.0
107,Intel,0.0,1.0,0.0
108,Intel,0.0,1.0,0.0
109,Intel,0.0,1.0,0.0
110,Intel,0.0,1.0,0.0
111,Intel,0.0,1.0,0.0
112,Intel,0.0,1.0,0.0
113,Intel,0.0,1.0,0.0
114,Intel,0.0,1.0,0.0
115,Intel,0.0,1.0,0.0
116,Intel,0.0,1.0,0.0
117,Intel,0.0,1.0,0.0
118,Intel,0.0,1.0,0.0
119,Intel,0.0,1.0,0.0
120,Intel,0.0,1.0,0.0
121,Intel,0.0,1.0,0.0
122,Intel,0.0,1.0,0.0
123,Intel,0.0,1.0,0.0
124,Intel,0.0,1.0,0.0
125,Intel,0.0,1.0,0.0
126,Intel,0.0,1.0,0.0
127,Intel,0.0,1.0,0.0
128,Intel,0.0,1.0,0.0
129,Intel,0.0,1.0,0.0
130,Intel,0.0,1.0,0.0
131,Intel,0.0,1.0,0.0
132,Intel,0.0,1.0,0.0
133,Intel,0.0,1.0,0.0
134,Intel,0.0,1.0,0.0
135,Intel,0.0,1.0,0.0
136,Intel,0.0,1.0,0.0
137,Intel,0.0,1.0,0.0
138,Intel,0.0,1.0,0.0
139,Intel,0.0,1.0,0.0
140,Intel,0.0,1.0,0.0
141,Intel,0.0,1.0,0.0
142,Intel,0.0,1.0,0.0
143,Intel,0.0,1.0,0.0
144,Intel,0.0,1.0,0.0
145,Intel,0.0,1.0,0.0
146,Intel,0.0,1.0,0.0
147,Intel,0.0,1.0,0.0
148,Intel,0.0,1.0,0.0
149,Intel,0.0,1.0,0.0
150,Intel,0.0,1.0,0.0
151,Intel,0.0,1.0,0.0
152,Intel,0.0,1.0,0.0
153,Intel,0.0,1.0,0.0
154,Intel,0.0,1.0,0.0
155,Intel,0.0,1.0,0.0
156,Intel,0.0,1.0,0.0
157,Intel,0.0,1.0,0.0
158,Intel,0.0,1.0,0.0
159,Intel,0.0,1.0,0.0
160,Intel,0.0,1.0,0.0
161,Intel,0.0,1.0,0.0
162,Intel,0.0,1.0,0.0
163,Intel,0.0,1.0,0.0
164,Intel,0.0,1.0,0.0
165,Intel,0.0,1.0,0.0
166,Intel,0.0,1.0,0.0
167,Intel,0.0,1.0,0.0
168,Intel,0.0,1.0,0.0
169,Intel,0.0,1.0,0.0
170,Intel,0.0,1.0,0.0
171,Intel,0.0,1.0,0.0
172,Intel,0.0,1.0,0.0
173,Intel,0.0,1.0,0.0
174,Intel,0.0,1.0,0.0
175,Intel,0.0,1.0,0.0
176,Intel,0.0,1.0,0.0
177,Intel,0.0,1.0,0.0
178,Intel,0.0,1.0,0.0
179,Intel,0.0,1.0,0.0
180,Intel,0.0,1.0,0.0
181,Intel,0.0,1.0,0.0
182,Intel,0.0,1.0,0.0
183,Intel,0.0,1.0,0.0
184,Intel,0.0,1.0,0.0
185,Intel,0.0,1.0,0.0
186,Intel,0.0,1.0,0.0
187,Intel,0.0,1.0,0.0
188,Intel,0.0,1.0,0.0
189,Intel,0.0,1.0,0.0
190,Intel,0.0,1.0,0.0
191,Intel,0.0,1.0,0.0
192,Intel,0.0,1.0,0.0
193,Intel,0.0,1.0,0.0
194,Intel,0.0,1.0,0.0
195,Intel,0.0,1.0,0.0
196,Intel,0.0,1.0,0.0
197,Intel,0.0,1.0,0.0
198,Intel,0.0,1.0,0.0
199,Intel,0.0,1.0,0.0
200,Intel,0.0,1.0,0.0
201,Intel,0.0,1.0,0.0
202,Intel,0.0,1.0,0.0
203,Intel,0.0,1.0,0.0
204,Intel,0.0,1.0,0.0
205,Intel,0.0,1.0,0.0
206,Intel,0.0,1.0,0.0
207,Intel,0.0,1.0,0.0
208,Intel,0.0,1.0,0.0
209,Intel,0.0,1.0,0.0
210,Intel,0.0,1.0,0.0
211,Intel,0.0,1.0,0.0
212,Intel,0.0,1.0,0.0
213,Intel,0.0,1.0,0.0
214,Intel,0.0,1.0,0.0
215,Intel,0.0,1.0,0.0
216,Intel,0.0,1.0,0.0
217,Intel,0.0,1.0,0.0
218,Intel,0.0,1.0,0.0
219,Intel,0.0,1.0,0.0
220,Intel,0.0,1.0,0.0
221,Intel,0.0,1.0,0.0
222,Intel,0.0,1.0,0.0
223,Intel,0.0,1.0,0.0
224,Intel,0.0,1.0,0.0
225,Intel,0.0,1.0,0.0
226,Intel,0.0,1.0,0.0
227,Intel,0.0,1.0,0.0
228,Intel,0.0,1.0,0.0
229,Intel,0.0,1.0,0.0
230,Intel,0.0,1.0,0.0
231,Intel,0.0,1.0,0.0
232,Intel,0.0,1.0,0.0
233,Intel,0.0,1.0,0.0
234,Intel,0.0,1.0,0.0
235,Intel,0.0,1.0,0.0
236,Intel,0.0,1.0,0.0
237,Intel,0.0,1.0,0.0
238,Intel,0.0,1.0,0.0
239,Intel,0.0,1.0,0.0
240,Intel,0.0,1.0,0.0
241,Intel,0.0,1.0,0.0
242,Intel,0.0,1.0,0.0
243,Intel,0.0,1.0,0.0
244,Intel,0.0,1.0,0.0
245,Intel,0.0,1.0,0.0
246,Intel,0.0,1.0,0.0
247,Intel,0.0,1.0,0.0
248,Intel,0.0,1.0,0.0
249,Intel,0.0,1.0,0.0
250,Intel,0.0,1.0,0.0
251,Intel,0.0,1.0,0.0
252,Intel,0.0,1.0,0.0
253,Intel,0.0,1.0,0.0
254,Intel,0.0,1.0,0.0
255,Intel,0.0,1.0,0.0
256,Intel,0.0,1.0,0.0
257,Intel,0.0,1.0,0.0
258,Intel,0.0,1.0,0.0
259,Intel,0.0,1.0,0.0
260,Intel,0.0,1.0,0.0
261,Intel,0.0,1.0,0.0
262,Intel,0.0,1.0,0.0
263,Intel,0.0,1.0,0.0
264,Intel,0.0,1.0,0.0
265,Intel,0.0,1.0,0.0
266,Intel,0.0,1.0,0.0
267,Intel,0.0,1.0,0.0
268,Intel,0.0,1.0,0.0
269,Intel,0.0,1.0,0.0
270,Intel,0.0,1.0,0.0
271,Intel,0.0,1.0,0.0
272,Intel,0.0,1.0,0.0
273,Intel,0.0,1.0,0.0
274,Intel,0.0,1.0,0.0
275,Intel,0.0,1.0,0.0
276,Intel,0.0,1.0,0.0
277,Intel,0.0,1.0,0.0
278,Intel,0.0,1.0,0.0
279,Intel,0.0,1.0,0.0
280,Intel,0.0,1.0,0.0
281,Intel,0.0,1.0,0.0
282,Intel,0.0,1.0,0.0
283,Intel,0.0,1.0,0.0
284,Intel,0.0,1.0,0.0
285,Intel,0.0,1.0,0.0
286,Intel,0.0,1.0,0.0
287,Intel,0.0,1.0,0.0
288,Intel,0.0,1.0,0.0
289,Intel,0.0,1.0,0.0
290,Intel,0.0,1.0,0.0
291,Intel,0.0,1.0,0.0
292,Intel,0.0,1.0,0.0
293,Intel,0.0,1.0,0.0
294,Intel,0.0,1.0,0.0
295,Intel,0.0,1.0,0.0
296,Intel,0.0,1.0,0.0
297,Intel,0.0,1.0,0.0
298,Intel,0.0,1.0,0.0
299,Intel,0.0,1.0,0.0
300,Intel,0.0,1.0,0.0
301,Intel,0.0,1.0,0.0
302,Intel,0.0,1.0,0.0
303,Intel,0.0,1.0,0.0
304,Intel,0.0,1.0,0.0
305,Intel,0.0,1.0,0.0
306,Intel,0.0,1.0,0.0
307,Intel,0.0,1.0,0.0
308,Intel,0.0,1.0,0.0
309,Intel,0.0,1.0,0.0
310,Intel,0.0,1.0,0.0
311,Intel,0.0,1.0,0.0
312,Intel,0.0,1.0,0.0
313,Intel,0.0,1.0,0.0
314,Intel,0.0,1.0,0.0
315,Intel,0.0,1.0,0.0
316,Intel,0.0,1.0,0.0
317,Intel,0.0,1.0,0.0
318,Intel,0.0,1.0,0.0
319,Intel,0.0,1.0,0.0
320,Intel,0.0,1.0,0.0
321,Intel,0.0,1.0,0.0
322,Intel,0.0,1.0,0.0
323,Intel,0.0,1.0,0.0
324,Intel,0.0,1.0,0.0
325,Intel,0.0,1.0,0.0
326,Intel,0.0,1.0,0.0
327,Intel,0.0,1.0,0.0
328,Intel,0.0,1.0,0.0
329,Intel,0.0,1.0,0.0
330,Intel,0.0,1.0,0.0
331,Intel,0.0,1.0,0.0
332,Intel,0.0,1.0,0.0
333,Intel,0.0,1.0,0.0
334,Intel,0.0,1.0,0.0
335,Intel,0.0,1.0,0.0
336,Intel,0.0,1.0,0.0
337,Intel,0.0,1.0,0.0
338,Intel,0.0,1.0,0.0
339,Intel,0.0,1.0,0.0
340,Intel,0.0,1.0,0.0
341,Intel,0.0,1.0,0.0
342,Intel,0.0,1.0,0.0
343,Intel,0.0,1.0,0.0
344,Intel,0.0,1.0,0.0
345,Intel,0.0,1.0,0.0
346,Intel,0.0,1.0,0.0
347,Intel,0.0,1.0,0.0
348,Intel,0.0,1.0,0.0
349,Intel,0.0,1.0,0.0
350,Intel,0.0,1.0,0.0
351,Intel,0.0,1.0,0.0
352,Intel,0.0,1.0,0.0
353,Intel,0.0,1.0,0.0
354,Intel,0.0,1.0,0.0
355,Intel,0.0,1.0,0.0
356,Intel,0.0,1.0,0.0
357,Intel,0.0,1.0,0.0
358,Intel,0.0,1.0,0.0
359,Intel,0.0,1.0,0.0
360,Intel,0.0,1.0,0.0
361,Intel,0.0,1.0,0.0
362,Intel,0.0,1.0,0.0
363,Intel,0.0,1.0,0.0
364,Intel,0.0,1.0,0.0
365,Intel,0.0,1.0,0.0
366,Intel,0.0,1.0,0.0
367,Intel,0.0,1.0,0.0
368,Intel,0.0,1.0,0.0
369,Intel,0.0,1.0,0.0
370,Intel,0.0,1.0,0.0
371,Intel,0.0,1.0,0.0
372,Intel,0.0,1.0,0.0
373,Intel,0.0,1.0,0.0
374,Intel,0.0,1.0,0.0
375,Intel,0.0,1.0,0.0
376,Intel,0.0,1.0,0.0
377,Intel,0.0,1.0,0.0
378,Intel,0.0,1.0,0.0
379,Intel,0.0,1.0,0.0
380,Intel,0.0,1.0,0.0
381,Intel,0.0,1.0,0.0
382,Intel,0.0,1.0,0.0
383,Intel,0.0,1.0,0.0
384,Intel,0.0,1.0,0.0
385,Intel,0.0,1.0,0.0
386,Intel,0.0,1.0,0.0
387,Intel,0.0,1.0,0.0
388,Intel,0.0,1.0,0.0
389,Intel,0.0,1.0,0.0
390,Intel,0.0,1.0,0.0
391,Intel,0.0,1.0,0.0
392,Intel,0.0,1.0,0.0
393,Intel,0.0,1.0,0.0
394,Intel,0.0,1.0,0.0
395,Intel,0.0,1.0,0.0
396,Intel,0.0,1.0,0.0
397,Intel,0.0,1.0,0.0
398,Intel,0.0,1.0,0.0
399,Intel,0.0,1.0,0.0
400,Intel,0.0,1.0,0.0
401,Intel,0.0,1.0,0.0
402,Intel,0.0,1.0,0.0
403,Intel,0.0,1.0,0.0
404,Intel,0.0,1.0,0.0
405,Intel,0.0,1.0,0.0
406,Intel,0.0,1.0,0.0
407,Intel,0.0,1.0,0.0
408,Intel,0.0,1.0,0.0
409,Intel,0.0,1.0,0.0
410,Intel,0.0,1.0,0.0
411,Intel,0.0,1.0,0.0
412,Intel,0.0,1.0,0.0
413,Intel,0.0,1.0,0.0
414,Intel,0.0,1.0,0.0
415,Intel,0.0,1.0,0.0
416,Intel,0.0,1.0,0.0
417,Intel,0.0,1.0,0.0
418,Intel,0.0,1.0,0.0
419,Intel,0.0,1.0,0.0
420,Intel,0.0,1.0,0.0
421,Intel,0.0,1.0,0.0
422,Intel,0.0,1.0,0.0
423,Intel,0.0,1.0,0.0
424,Intel,0.0,1.0,0.0
425,Intel,0.0,1.0,0.0
426,Intel,0.0,1.0,0.0
427,Intel,0.0,1.0,0.0
428,Intel,0.0,1.0,0.0
429,Intel,0.0,1.0,0.0
430,Intel,0.0,1.0,0.0
431,Intel,0.0,1.0,0.0
432,Intel,0.0,1.0,0.0
433,Intel,0.0,1.0,0.0
434,Intel,0.0,1.0,0.0
435,Intel,0.0,1.0,0.0
436,Intel,0.0,1.0,0.0
437,Intel,0.0,1.0,0.0
438,Intel,0.0,1.0,0.0
439,Intel,0.0,1.0,0.0
440,Intel,0.0,1.0,0.0
441,Intel,0.0,1.0,0.0
442,Intel,0.0,1.0,0.0
443,Intel,0.0,1.0,0.0
444,Intel,0.0,1.0,0.0
445,Intel,0.0,1.0,0.0
446,Intel,0.0,1.0,0.0
447,Intel,0.0,1.0,0.0
448,Intel,0.0,1.0,0.0
449,Intel,0.0,1.0,0.0
450,Intel,0.0,1.0,0.0
451,Intel,0.0,1.0,0.0
452,Intel,0.0,1.0,0.0
453,Intel,0.0,1.0,0.0
454,Intel,0.0,1.0,0.0
455,Intel,0.0,1.0,0.0
456,Intel,0.0,1.0,0.0
457,Intel,0.0,1.0,0.0
458,Intel,0.0,1.0,0.0
459,Intel,0.0,1.0,0.0
460,Intel,0.0,1.0,0.0
461,Intel,0.0,1.0,0.0
462,Intel,0.0,1.0,0.0
463,Intel,0.0,1.0,0.0
464,Intel,0.0,1.0,0.0
465,Intel,0.0,1.0,0.0
466,Intel,0.0,1.0,0.0
467,Intel,0.0,1.0,0.0
468,Intel,0.0,1.0,0.0
469,Intel,0.0,1.0,0.0
470,Intel,0.0,1.0,0.0
471,Intel,0.0,1.0,0.0
472,Intel,0.0,1.0,0.0
473,Intel,0.0,1.0,0.0
474,Intel,0.0,1.0,0.0
475,Intel,0.0,1.0,0.0
476,Intel,0.0,1.0,0.0
477,Intel,0.0,1.0,0.0
478,Intel,0.0,1.0,0.0
479,Intel,0.0,1.0,0.0
480,Intel,0.0,1.0,0.0
481,Intel,0.0,1.0,0.0
482,Intel,0.0,1.0,0.0
483,Intel,0.0,1.0,0.0
484,Intel,0.0,1.0,0.0
485,Intel,0.0,1.0,0.0
486,Intel,0.0,1.0,0.0
487,Intel,0.0,1.0,0.0
488,Intel,0.0,1.0,0.0
489,Intel,0.0,1.0,0.0
490,Intel,0.0,1.0,0.0
491,Intel,0.0,1.0,0.0
492,Intel,0.0,1.0,0.0
493,Intel,0.0,1.0,0.0
494,Intel,0.0,1.0,0.0
495,Intel,0.0,1.0,0.0
496,Intel,0.0,1.0,0.0
497,Intel,0.0,1.0,0.0
498,Intel,0.0,1.0,0.0
499,Intel,0.0,1.0,0.0
500,Intel,0.0,1.0,0.0
501,Intel,0.0,1.0,0.0
502,Intel,0.0,1.0,0.0
503,Intel,0.0,1.0,0.0
504,Intel,0.0,1.0,0.0
505,Intel,0.0,1.0,0.0
506,Intel,0.0,1.0,0.0
507,Intel,0.0,1.0,0.0
508,Intel,0.0,1.0,0.0
509,Intel,0.0,1.0,0.0
510,Intel,0.0,1.0,0.0
511,Intel,0.0,1.0,0.0
512,Intel,0.0,1.0,0.0
513,Intel,0.0,1.0,0.0
514,Intel,0.0,1.0,0.0
515,Intel,0.0,1.0,0.0
516,Intel,0.0,1.0,0.0
517,Intel,0.0,1.0,0.0
518,Intel,0.0,1.0,0.0
519,Intel,0.0,1.0,0.0
520,Intel,0.0,1.0,0.0
521,Intel,0.0,1.0,0.0
522,Intel,0.0,1.0,0.0
523,Intel,0.0,1.0,0.0
524,Intel,0.0,1.0,0.0
525,Intel,0.0,1.0,0.0
526,Intel,0.0,1.0,0.0
527,Intel,0.0,1.0,0.0
528,Intel,0.0,1.0,0.0
529,Intel,0.0,1.0,0.0
530,Intel,0.0,1.0,0.0
531,Intel,0.0,1.0,0.0
532,Intel,0.0,1.0,0.0
533,Intel,0.0,1.0,0.0
534,Intel,0.0,1.0,0.0
535,Intel,0.0,1.0,0.0
536,Intel,0.0,1.0,0.0
537,Intel,0.0,1.0,0.0
538,Intel,0.0,1.0,0.0
539,Intel,0.0,1.0,0.0
540,Intel,0.0,1.0,0.0
541,Intel,0.0,1.0,0.0
542,Intel,0.0,1.0,0.0
543,Intel,0.0,1.0,0.0
544,Intel,0.0,1.0,0.0
545,Intel,0.0,1.0,0.0
546,Intel,0.0,1.0,0.0
547,Intel,0.0,1.0,0.0
548,Intel,0.0,1.0,0.0
549,Intel,0.0,1.0,0.0
550,Intel,0.0,1.0,0.0
551,Intel,0.0,1.0,0.0
552,Intel,0.0,1.0,0.0
553,Intel,0.0,1.0,0.0
554,Intel,0.0,1.0,0.0
555,Intel,0.0,1.0,0.0
556,Intel,0.0,1.0,0.0
557,Intel,0.0,1.0,0.0
558,Intel,0.0,1.0,0.0
559,Intel,0.0,1.0,0.0
560,Intel,0.0,1.0,0.0
561,Intel,0.0,1.0,0.0
562,Intel,0.0,1.0,0.0
563,Intel,0.0,1.0,0.0
564,Intel,0.0,1.0,0.0
565,Intel,0.0,1.0,0.0
566,Intel,0.0,1.0,0.0
567,Intel,0.0,1.0,0.0
568,Intel,0.0,1.0,0.0
569,Intel,0.0,1.0,0.0
570,Intel,0.0,1.0,0.0
571,Intel,0.0,1.0,0.0
572,Intel,0.0,1.0,0.0
573,Intel,0.0,1.0,0.0
574,Intel,0.0,1.0,0.0
575,Intel,0.0,1.0,0.0
576,Intel,0.0,1.0,0.0
577,Intel,0.0,1.0,0.0
578,Intel,0.0,1.0,0.0
579,Intel,0.0,1.0,0.0
580,Intel,0.0,1.0,0.0
581,Intel,0.0,1.0,0.0
582,M1,0.0,0.0,1.0
583,M1,0.0,0.0,1.0
584,M1,0.0,0.0,1.0
585,M1,0.0,0.0,1.0
586,M1,0.0,0.0,1.0
587,M1,0.0,0.0,1.0
588,M1,0.0,0.0,1.0
589,M1,0.0,0.0,1.0
590,M1,0.0,0.0,1.0
591,M1,0.0,0.0,1.0
592,M1,0.0,0.0,1.0
593,M1,0.0,0.0,1.0
594,M1,0.0,0.0,1.0
595,M1,0.0,0.0,1.0
596,M1,0.0,0.0,1.0
597,M1,0.0,0.0,1.0
598,M1,0.0,0.0,1.0
599,M1,0.0,0.0,1.0
600,M1,0.0,0.0,1.0
601,Intel,0.0,1.0,0.0
602,Intel,0.0,1.0,0.0
603,Intel,0.0,1.0,0.0
604,Intel,0.0,1.0,0.0
605,Intel,0.0,1.0,0.0
606,Intel,0.0,1.0,0.0
607,Intel,0.0,1.0,0.0
608,Intel,0.0,1.0,0.0
609,Intel,0.0,1.0,0.0
610,Intel,0.0,1.0,0.0
611,Intel,0.0,1.0,0.0
612,Intel,0.0,1.0,0.0
613,Intel,0.0,1.0,0.0
614,AMD,1.0,0.0,0.0
615,AMD,1.0,0.0,0.0
616,AMD,1.0,0.0,0.0
617,AMD,1.0,0.0,0.0
618,AMD,1.0,0.0,0.0
619,AMD,1.0,0.0,0.0
620,AMD,1.0,0.0,0.0
621,AMD,1.0,0.0,0.0
622,AMD,1.0,0.0,0.0
623,AMD,1.0,0.0,0.0
624,AMD,1.0,0.0,0.0
625,AMD,1.0,0.0,0.0
626,AMD,1.0,0.0,0.0
627,AMD,1.0,0.0,0.0
628,AMD,1.0,0.0,0.0
629,AMD,1.0,0.0,0.0
630,AMD,1.0,0.0,0.0
631,AMD,1.0,0.0,0.0
632,AMD,1.0,0.0,0.0
633,AMD,1.0,0.0,0.0
634,AMD,1.0,0.0,0.0
635,AMD,1.0,0.0,0.0
636,AMD,1.0,0.0,0.0
637,AMD,1.0,0.0,0.0
638,AMD,1.0,0.0,0.0
639,AMD,1.0,0.0,0.0
640,AMD,1.0,0.0,0.0
641,AMD,1.0,0.0,0.0
642,AMD,1.0,0.0,0.0
643,AMD,1.0,0.0,0.0
644,AMD,1.0,0.0,0.0
645,AMD,1.0,0.0,0.0
646,AMD,1.0,0.0,0.0
647,AMD,1.0,0.0,0.0
648,AMD,1.0,0.0,0.0
649,AMD,1.0,0.0,0.0
650,AMD,1.0,0.0,0.0
651,AMD,1.0,0.0,0.0
652,AMD,1.0,0.0,0.0
653,AMD,1.0,0.0,0.0
654,AMD,1.0,0.0,0.0
655,AMD,1.0,0.0,0.0
656,AMD,1.0,0.0,0.0
657,AMD,1.0,0.0,0.0
658,AMD,1.0,0.0,0.0
659,AMD,1.0,0.0,0.0
660,AMD,1.0,0.0,0.0
661,AMD,1.0,0.0,0.0
662,AMD,1.0,0.0,0.0
663,AMD,1.0,0.0,0.0
664,AMD,1.0,0.0,0.0
665,AMD,1.0,0.0,0.0
666,AMD,1.0,0.0,0.0
667,AMD,1.0,0.0,0.0
668,AMD,1.0,0.0,0.0
669,AMD,1.0,0.0,0.0
670,AMD,1.0,0.0,0.0
671,AMD,1.0,0.0,0.0
672,AMD,1.0,0.0,0.0
673,AMD,1.0,0.0,0.0
674,AMD,1.0,0.0,0.0
675,AMD,1.0,0.0,0.0
676,AMD,1.0,0.0,0.0
677,AMD,1.0,0.0,0.0
678,AMD,1.0,0.0,0.0
679,AMD,1.0,0.0,0.0
680,AMD,1.0,0.0,0.0
681,AMD,1.0,0.0,0.0
682,AMD,1.0,0.0,0.0
683,AMD,1.0,0.0,0.0
684,AMD,1.0,0.0,0.0
685,AMD,1.0,0.0,0.0
686,AMD,1.0,0.0,0.0
687,AMD,1.0,0.0,0.0
688,AMD,1.0,0.0,0.0
689,AMD,1.0,0.0,0.0
690,AMD,1.0,0.0,0.0
691,AMD,1.0,0.0,0.0
692,AMD,1.0,0.0,0.0
693,AMD,1.0,0.0,0.0
694,AMD,1.0,0.0,0.0
695,AMD,1.0,0.0,0.0
696,AMD,1.0,0.0,0.0
697,AMD,1.0,0.0,0.0
698,AMD,1.0,0.0,0.0
699,AMD,1.0,0.0,0.0
700,AMD,1.0,0.0,0.0
701,AMD,1.0,0.0,0.0
702,AMD,1.0,0.0,0.0
703,AMD,1.0,0.0,0.0
704,AMD,1.0,0.0,0.0
705,AMD,1.0,0.0,0.0
706,AMD,1.0,0.0,0.0
707,AMD,1.0,0.0,0.0
708,AMD,1.0,0.0,0.0
709,AMD,1.0,0.0,0.0
710,AMD,1.0,0.0,0.0
711,AMD,1.0,0.0,0.0
712,AMD,1.0,0.0,0.0
713,AMD,1.0,0.0,0.0
714,AMD,1.0,0.0,0.0
715,AMD,1.0,0.0,0.0
716,AMD,1.0,0.0,0.0
717,AMD,1.0,0.0,0.0
718,AMD,1.0,0.0,0.0
719,AMD,1.0,0.0,0.0
720,AMD,1.0,0.0,0.0
721,AMD,1.0,0.0,0.0
722,AMD,1.0,0.0,0.0
723,AMD,1.0,0.0,0.0
724,AMD,1.0,0.0,0.0
725,AMD,1.0,0.0,0.0
726,AMD,1.0,0.0,0.0
727,AMD,1.0,0.0,0.0
728,Intel,0.0,1.0,0.0
729,AMD,1.0,0.0,0.0
730,AMD,1.0,0.0,0.0
731,AMD,1.0,0.0,0.0
732,AMD,1.0,0.0,0.0
733,AMD,1.0,0.0,0.0
734,AMD,1.0,0.0,0.0
735,AMD,1.0,0.0,0.0
736,AMD,1.0,0.0,0.0
737,AMD,1.0,0.0,0.0
738,AMD,1.0,0.0,0.0
739,AMD,1.0,0.0,0.0
740,AMD,1.0,0.0,0.0
741,AMD,1.0,0.0,0.0
742,AMD,1.0,0.0,0.0
743,AMD,1.0,0.0,0.0
744,AMD,1.0,0.0,0.0
745,AMD,1.0,0.0,0.0
746,AMD,1.0,0.0,0.0
747,AMD,1.0,0.0,0.0
748,AMD,1.0,0.0,0.0
749,AMD,1.0,0.0,0.0
750,AMD,1.0,0.0,0.0
751,AMD,1.0,0.0,0.0
752,AMD,1.0,0.0,0.0
753,AMD,1.0,0.0,0.0
754,AMD,1.0,0.0,0.0
755,AMD,1.0,0.0,0.0
756,AMD,1.0,0.0,0.0
757,AMD,1.0,0.0,0.0
758,AMD,1.0,0.0,0.0
759,AMD,1.0,0.0,0.0
760,AMD,1.0,0.0,0.0
761,AMD,1.0,0.0,0.0
762,AMD,1.0,0.0,0.0
763,AMD,1.0,0.0,0.0
764,AMD,1.0,0.0,0.0
765,AMD,1.0,0.0,0.0
766,AMD,1.0,0.0,0.0
767,AMD,1.0,0.0,0.0
768,AMD,1.0,0.0,0.0
769,AMD,1.0,0.0,0.0
770,AMD,1.0,0.0,0.0
771,AMD,1.0,0.0,0.0
772,AMD,1.0,0.0,0.0
773,AMD,1.0,0.0,0.0
774,AMD,1.0,0.0,0.0
775,AMD,1.0,0.0,0.0
776,AMD,1.0,0.0,0.0
777,AMD,1.0,0.0,0.0
778,AMD,1.0,0.0,0.0
779,AMD,1.0,0.0,0.0
780,AMD,1.0,0.0,0.0
781,AMD,1.0,0.0,0.0
782,AMD,1.0,0.0,0.0
783,AMD,1.0,0.0,0.0
784,AMD,1.0,0.0,0.0
785,AMD,1.0,0.0,0.0
786,AMD,1.0,0.0,0.0
787,AMD,1.0,0.0,0.0
788,AMD,1.0,0.0,0.0
789,AMD,1.0,0.0,0.0
790,AMD,1.0,0.0,0.0
791,AMD,1.0,0.0,0.0
792,AMD,1.0,0.0,0.0
793,AMD,1.0,0.0,0.0
794,AMD,1.0,0.0,0.0
795,AMD,1.0,0.0,0.0
796,AMD,1.0,0.0,0.0
797,AMD,1.0,0.0,0.0
798,AMD,1.0,0.0,0.0
799,AMD,1.0,0.0,0.0
800,AMD,1.0,0.0,0.0
